{"rabbit_version":"3.8.3","rabbitmq_version":"3.8.3","users":[{"name":"guest","password_hash":"2bDSbs1bxaxa3LdWwoCI4N7qFOjF3AaxGb8ZFs769cibFcc5","hashing_algorithm":"rabbit_password_hashing_sha256","tags":"administrator"}],"vhosts":[{"name":"/"}],"permissions":[{"user":"guest","vhost":"/","configure":".*","write":".*","read":".*"}],"topic_permissions":[],"parameters":[],"global_parameters":[{"name":"cluster_name","value":"rabbit@83ea26085ab2"},{"name":"internal_cluster_id","value":"rabbitmq-cluster-id-wNwNHGp1LKtCAe2RiBZXOA"}],"policies":[],"queues":[{"name":"nayExchange.T1","vhost":"/","durable":true,"auto_delete":false,"arguments":{}},{"name":"stock.delay.queue","vhost":"/","durable":true,"auto_delete":false,"arguments":{"x-dead-letter-exchange":"stock-event-exchange","x-dead-letter-routing-key":"stock.release","x-message-ttl":900000}},{"name":"stock.release.stock.queue","vhost":"/","durable":true,"auto_delete":false,"arguments":{}},{"name":"mall-queue","vhost":"/","durable":true,"auto_delete":false,"arguments":{}}],"exchanges":[{"name":"mall-exchange","vhost":"/","type":"direct","durable":true,"auto_delete":false,"internal":false,"arguments":{}},{"name":"stock-event-exchange","vhost":"/","type":"topic","durable":true,"auto_delete":false,"internal":false,"arguments":{}},{"name":"springCloudBus","vhost":"/","type":"topic","durable":true,"auto_delete":false,"internal":false,"arguments":{}},{"name":"nayExchange","vhost":"/","type":"topic","durable":true,"auto_delete":false,"internal":false,"arguments":{}},{"name":"order-event-exchange","vhost":"/","type":"topic","durable":true,"auto_delete":false,"internal":false,"arguments":{}}],"bindings":[{"source":"mall-exchange","vhost":"/","destination":"mall-queue","destination_type":"queue","routing_key":"mall","arguments":{}},{"source":"nayExchange","vhost":"/","destination":"nayExchange.T1","destination_type":"queue","routing_key":"#","arguments":{}},{"source":"stock-event-exchange","vhost":"/","destination":"stock.delay.queue","destination_type":"queue","routing_key":"stock.locked","arguments":{}},{"source":"stock-event-exchange","vhost":"/","destination":"stock.release.stock.queue","destination_type":"queue","routing_key":"stock.release.#","arguments":{}}]}